"filename", "language", "HTML", "JavaScript", "Markdown", "CSV", "JSON", "Vue", "XML", "Java", "CSS", "Java Properties", "JSON with Comments", "comment", "blank", "total"
"e:\spring\.VSCodeCounter\2024-06-13_11-58-56\details.md", "Markdown", 0, 0, 226, 0, 0, 0, 0, 0, 0, 0, 0, 0, 6, 232
"e:\spring\.VSCodeCounter\2024-06-13_11-58-56\diff-details.md", "Markdown", 0, 0, 9, 0, 0, 0, 0, 0, 0, 0, 0, 0, 6, 15
"e:\spring\.VSCodeCounter\2024-06-13_11-58-56\diff.csv", "CSV", 0, 0, 0, 2, 0, 0, 0, 0, 0, 0, 0, 0, 0, 2
"e:\spring\.VSCodeCounter\2024-06-13_11-58-56\diff.md", "Markdown", 0, 0, 12, 0, 0, 0, 0, 0, 0, 0, 0, 0, 7, 19
"e:\spring\.VSCodeCounter\2024-06-13_11-58-56\results.csv", "CSV", 0, 0, 0, 219, 0, 0, 0, 0, 0, 0, 0, 0, 0, 219
"e:\spring\.VSCodeCounter\2024-06-13_11-58-56\results.json", "JSON", 0, 0, 0, 0, 1, 0, 0, 0, 0, 0, 0, 0, 0, 1
"e:\spring\.VSCodeCounter\2024-06-13_11-58-56\results.md", "Markdown", 0, 0, 173, 0, 0, 0, 0, 0, 0, 0, 0, 0, 7, 180
"e:\spring\backencloud\backend\pom.xml", "XML", 0, 0, 0, 0, 0, 0, 117, 0, 0, 0, 0, 3, 4, 124
"e:\spring\backencloud\backend\src\main\java\com\kob\backend\BackendApplication.java", "Java", 0, 0, 0, 0, 0, 0, 0, 9, 0, 0, 0, 0, 5, 14
"e:\spring\backencloud\backend\src\main\java\com\kob\backend\config\CorsConfig.java", "Java", 0, 0, 0, 0, 0, 0, 0, 33, 0, 0, 0, 0, 10, 43
"e:\spring\backencloud\backend\src\main\java\com\kob\backend\config\MybatisConfig.java", "Java", 0, 0, 0, 0, 0, 0, 0, 15, 0, 0, 0, 0, 2, 17
"e:\spring\backencloud\backend\src\main\java\com\kob\backend\config\RestTemplateConfig.java", "Java", 0, 0, 0, 0, 0, 0, 0, 12, 0, 0, 0, 0, 3, 15
"e:\spring\backencloud\backend\src\main\java\com\kob\backend\config\SecurityConfig.java", "Java", 0, 0, 0, 0, 0, 0, 0, 46, 0, 0, 0, 0, 7, 53
"e:\spring\backencloud\backend\src\main\java\com\kob\backend\config\WebSocketConfig.java", "Java", 0, 0, 0, 0, 0, 0, 0, 11, 0, 0, 0, 0, 5, 16
"e:\spring\backencloud\backend\src\main\java\com\kob\backend\config\filter\JwtAuthenticationTokenFilter.java", "Java", 0, 0, 0, 0, 0, 0, 0, 48, 0, 0, 0, 0, 12, 60
"e:\spring\backencloud\backend\src\main\java\com\kob\backend\consumer\WebSocketServer.java", "Java", 0, 0, 0, 0, 0, 0, 0, 159, 0, 0, 0, 22, 20, 201
"e:\spring\backencloud\backend\src\main\java\com\kob\backend\consumer\utils\Cell.java", "Java", 0, 0, 0, 0, 0, 0, 0, 10, 0, 0, 0, 0, 3, 13
"e:\spring\backencloud\backend\src\main\java\com\kob\backend\consumer\utils\Game.java", "Java", 0, 0, 0, 0, 0, 0, 0, 302, 0, 0, 0, 0, 49, 351
"e:\spring\backencloud\backend\src\main\java\com\kob\backend\consumer\utils\JwtAuthentication.java", "Java", 0, 0, 0, 0, 0, 0, 0, 15, 0, 0, 0, 0, 3, 18
"e:\spring\backencloud\backend\src\main\java\com\kob\backend\consumer\utils\Player.java", "Java", 0, 0, 0, 0, 0, 0, 0, 44, 0, 0, 0, 0, 8, 52
"e:\spring\backencloud\backend\src\main\java\com\kob\backend\controller\follows\AddFollowsCountController.java", "Java", 0, 0, 0, 0, 0, 0, 0, 16, 0, 0, 0, 0, 6, 22
"e:\spring\backencloud\backend\src\main\java\com\kob\backend\controller\follows\ChangeFollowsController.java", "Java", 0, 0, 0, 0, 0, 0, 0, 16, 0, 0, 0, 0, 5, 21
"e:\spring\backencloud\backend\src\main\java\com\kob\backend\controller\follows\GetFollowsController.java", "Java", 0, 0, 0, 0, 0, 0, 0, 16, 0, 0, 0, 0, 7, 23
"e:\spring\backencloud\backend\src\main\java\com\kob\backend\controller\pk\BotInfoController.java", "Java", 0, 0, 0, 0, 0, 0, 0, 16, 0, 0, 0, 0, 5, 21
"e:\spring\backencloud\backend\src\main\java\com\kob\backend\controller\pk\IndexController.java", "Java", 0, 0, 0, 0, 0, 0, 0, 11, 0, 0, 0, 0, 3, 14
"e:\spring\backencloud\backend\src\main\java\com\kob\backend\controller\pk\ReceiveBotMoveController.java", "Java", 0, 0, 0, 0, 0, 0, 0, 19, 0, 0, 0, 0, 5, 24
"e:\spring\backencloud\backend\src\main\java\com\kob\backend\controller\pk\StartGameController.java", "Java", 0, 0, 0, 0, 0, 0, 0, 21, 0, 0, 0, 0, 5, 26
"e:\spring\backencloud\backend\src\main\java\com\kob\backend\controller\post\AddPostController.java", "Java", 0, 0, 0, 0, 0, 0, 0, 17, 0, 0, 0, 0, 5, 22
"e:\spring\backencloud\backend\src\main\java\com\kob\backend\controller\ranklist\GetRankListController.java", "Java", 0, 0, 0, 0, 0, 0, 0, 19, 0, 0, 0, 0, 5, 24
"e:\spring\backencloud\backend\src\main\java\com\kob\backend\controller\record\GetRecordListController.java", "Java", 0, 0, 0, 0, 0, 0, 0, 19, 0, 0, 0, 0, 5, 24
"e:\spring\backencloud\backend\src\main\java\com\kob\backend\controller\test.java", "Java", 0, 0, 0, 0, 0, 0, 0, 33, 0, 0, 0, 2, 8, 43
"e:\spring\backencloud\backend\src\main\java\com\kob\backend\controller\user\GetIdController.java", "Java", 0, 0, 0, 0, 0, 0, 0, 16, 0, 0, 0, 0, 5, 21
"e:\spring\backencloud\backend\src\main\java\com\kob\backend\controller\user\GetUserInfoController.java", "Java", 0, 0, 0, 0, 0, 0, 0, 16, 0, 0, 0, 0, 5, 21
"e:\spring\backencloud\backend\src\main\java\com\kob\backend\controller\user\account\InfoController.java", "Java", 0, 0, 0, 0, 0, 0, 0, 15, 0, 0, 0, 0, 5, 20
"e:\spring\backencloud\backend\src\main\java\com\kob\backend\controller\user\account\LoginController.java", "Java", 0, 0, 0, 0, 0, 0, 0, 18, 0, 0, 0, 0, 4, 22
"e:\spring\backencloud\backend\src\main\java\com\kob\backend\controller\user\account\RegisterController.java", "Java", 0, 0, 0, 0, 0, 0, 0, 19, 0, 0, 0, 0, 5, 24
"e:\spring\backencloud\backend\src\main\java\com\kob\backend\controller\user\bot\AddController.java", "Java", 0, 0, 0, 0, 0, 0, 0, 16, 0, 0, 0, 0, 5, 21
"e:\spring\backencloud\backend\src\main\java\com\kob\backend\controller\user\bot\GetListController.java", "Java", 0, 0, 0, 0, 0, 0, 0, 17, 0, 0, 0, 0, 5, 22
"e:\spring\backencloud\backend\src\main\java\com\kob\backend\controller\user\bot\RemoveController.java", "Java", 0, 0, 0, 0, 0, 0, 0, 16, 0, 0, 0, 0, 5, 21
"e:\spring\backencloud\backend\src\main\java\com\kob\backend\controller\user\bot\UpdateController.java", "Java", 0, 0, 0, 0, 0, 0, 0, 16, 0, 0, 0, 0, 5, 21
"e:\spring\backencloud\backend\src\main\java\com\kob\backend\mapper\BotMapper.java", "Java", 0, 0, 0, 0, 0, 0, 0, 7, 0, 0, 0, 0, 3, 10
"e:\spring\backencloud\backend\src\main\java\com\kob\backend\mapper\FollowsMapper.java", "Java", 0, 0, 0, 0, 0, 0, 0, 7, 0, 0, 0, 0, 3, 10
"e:\spring\backencloud\backend\src\main\java\com\kob\backend\mapper\RecordMapper.java", "Java", 0, 0, 0, 0, 0, 0, 0, 7, 0, 0, 0, 0, 3, 10
"e:\spring\backencloud\backend\src\main\java\com\kob\backend\mapper\UserMapper.java", "Java", 0, 0, 0, 0, 0, 0, 0, 7, 0, 0, 0, 0, 3, 10
"e:\spring\backencloud\backend\src\main\java\com\kob\backend\pojo\Bot.java", "Java", 0, 0, 0, 0, 0, 0, 0, 23, 0, 0, 0, 0, 4, 27
"e:\spring\backencloud\backend\src\main\java\com\kob\backend\pojo\Follows.java", "Java", 0, 0, 0, 0, 0, 0, 0, 22, 0, 0, 0, 0, 4, 26
"e:\spring\backencloud\backend\src\main\java\com\kob\backend\pojo\Record.java", "Java", 0, 0, 0, 0, 0, 0, 0, 27, 0, 0, 0, 0, 3, 30
"e:\spring\backencloud\backend\src\main\java\com\kob\backend\pojo\User.java", "Java", 0, 0, 0, 0, 0, 0, 0, 19, 0, 0, 0, 0, 3, 22
"e:\spring\backencloud\backend\src\main\java\com\kob\backend\service\follows\AddFollowsCountService.java", "Java", 0, 0, 0, 0, 0, 0, 0, 5, 0, 0, 0, 0, 3, 8
"e:\spring\backencloud\backend\src\main\java\com\kob\backend\service\follows\ChangeFollowsService.java", "Java", 0, 0, 0, 0, 0, 0, 0, 5, 0, 0, 0, 0, 3, 8
"e:\spring\backencloud\backend\src\main\java\com\kob\backend\service\follows\GetFollowsService.java", "Java", 0, 0, 0, 0, 0, 0, 0, 5, 0, 0, 0, 0, 3, 8
"e:\spring\backencloud\backend\src\main\java\com\kob\backend\service\impl\UserDetailsServiceImpl.java", "Java", 0, 0, 0, 0, 0, 0, 0, 25, 0, 0, 0, 0, 4, 29
"e:\spring\backencloud\backend\src\main\java\com\kob\backend\service\impl\follows\AddFollowsCountServiceImpl.java", "Java", 0, 0, 0, 0, 0, 0, 0, 24, 0, 0, 0, 0, 8, 32
"e:\spring\backencloud\backend\src\main\java\com\kob\backend\service\impl\follows\ChangeFollowsServiceImpl.java", "Java", 0, 0, 0, 0, 0, 0, 0, 57, 0, 0, 0, 2, 10, 69
"e:\spring\backencloud\backend\src\main\java\com\kob\backend\service\impl\follows\GetFollowsServiceImpl.java", "Java", 0, 0, 0, 0, 0, 0, 0, 51, 0, 0, 0, 5, 11, 67
"e:\spring\backencloud\backend\src\main\java\com\kob\backend\service\impl\pk\ReceiveBotMoveServiceImpl.java", "Java", 0, 0, 0, 0, 0, 0, 0, 23, 0, 0, 0, 0, 3, 26
"e:\spring\backencloud\backend\src\main\java\com\kob\backend\service\impl\pk\StartGameServiceImpl.java", "Java", 0, 0, 0, 0, 0, 0, 0, 13, 0, 0, 0, 0, 3, 16
"e:\spring\backencloud\backend\src\main\java\com\kob\backend\service\impl\post\AddPostServiceImpl.java", "Java", 0, 0, 0, 0, 0, 0, 0, 30, 0, 0, 0, 0, 5, 35
"e:\spring\backencloud\backend\src\main\java\com\kob\backend\service\impl\ranklist\AddRankListServiceImpl.java", "Java", 0, 0, 0, 0, 0, 0, 0, 30, 0, 0, 0, 0, 7, 37
"e:\spring\backencloud\backend\src\main\java\com\kob\backend\service\impl\record\GetRecordListServiceImpl.java", "Java", 0, 0, 0, 0, 0, 0, 0, 48, 0, 0, 0, 0, 8, 56
"e:\spring\backencloud\backend\src\main\java\com\kob\backend\service\impl\user\GetIdServiceImpl.java", "Java", 0, 0, 0, 0, 0, 0, 0, 29, 0, 0, 0, 0, 6, 35
"e:\spring\backencloud\backend\src\main\java\com\kob\backend\service\impl\user\GetUserInfoServiceImpl.java", "Java", 0, 0, 0, 0, 0, 0, 0, 28, 0, 0, 0, 0, 8, 36
"e:\spring\backencloud\backend\src\main\java\com\kob\backend\service\impl\user\account\InfoServiceImpl.java", "Java", 0, 0, 0, 0, 0, 0, 0, 25, 0, 0, 0, 2, 7, 34
"e:\spring\backencloud\backend\src\main\java\com\kob\backend\service\impl\user\account\LoginServiceImpl.java", "Java", 0, 0, 0, 0, 0, 0, 0, 30, 0, 0, 0, 0, 10, 40
"e:\spring\backencloud\backend\src\main\java\com\kob\backend\service\impl\user\account\RegisterServiceImpl.java", "Java", 0, 0, 0, 0, 0, 0, 0, 64, 0, 0, 0, 0, 14, 78
"e:\spring\backencloud\backend\src\main\java\com\kob\backend\service\impl\user\bot\AddServoceImpl.java", "Java", 0, 0, 0, 0, 0, 0, 0, 64, 0, 0, 0, 2, 18, 84
"e:\spring\backencloud\backend\src\main\java\com\kob\backend\service\impl\user\bot\GetLisServiceImpl.java", "Java", 0, 0, 0, 0, 0, 0, 0, 29, 0, 0, 0, 2, 8, 39
"e:\spring\backencloud\backend\src\main\java\com\kob\backend\service\impl\user\bot\RemoveServiceImpl.java", "Java", 0, 0, 0, 0, 0, 0, 0, 38, 0, 0, 0, 2, 10, 50
"e:\spring\backencloud\backend\src\main\java\com\kob\backend\service\impl\user\bot\UpdateServiceImpl.java", "Java", 0, 0, 0, 0, 0, 0, 0, 74, 0, 0, 0, 2, 17, 93
"e:\spring\backencloud\backend\src\main\java\com\kob\backend\service\impl\utils\UserDetailsImpl.java", "Java", 0, 0, 0, 0, 0, 0, 0, 42, 0, 0, 0, 0, 11, 53
"e:\spring\backencloud\backend\src\main\java\com\kob\backend\service\pk\ReceiveBotMoveService.java", "Java", 0, 0, 0, 0, 0, 0, 0, 4, 0, 0, 0, 0, 2, 6
"e:\spring\backencloud\backend\src\main\java\com\kob\backend\service\pk\StartGameService.java", "Java", 0, 0, 0, 0, 0, 0, 0, 4, 0, 0, 0, 0, 2, 6
"e:\spring\backencloud\backend\src\main\java\com\kob\backend\service\post\AddPostService.java", "Java", 0, 0, 0, 0, 0, 0, 0, 5, 0, 0, 0, 0, 3, 8
"e:\spring\backencloud\backend\src\main\java\com\kob\backend\service\ranklist\GetRankListService.java", "Java", 0, 0, 0, 0, 0, 0, 0, 5, 0, 0, 0, 0, 3, 8
"e:\spring\backencloud\backend\src\main\java\com\kob\backend\service\record\GetRecordListService.java", "Java", 0, 0, 0, 0, 0, 0, 0, 5, 0, 0, 0, 0, 3, 8
"e:\spring\backencloud\backend\src\main\java\com\kob\backend\service\user\GetIdService.java", "Java", 0, 0, 0, 0, 0, 0, 0, 5, 0, 0, 0, 0, 3, 8
"e:\spring\backencloud\backend\src\main\java\com\kob\backend\service\user\GetUserInfoService.java", "Java", 0, 0, 0, 0, 0, 0, 0, 5, 0, 0, 0, 0, 3, 8
"e:\spring\backencloud\backend\src\main\java\com\kob\backend\service\user\account\InfoService.java", "Java", 0, 0, 0, 0, 0, 0, 0, 5, 0, 0, 0, 0, 4, 9
"e:\spring\backencloud\backend\src\main\java\com\kob\backend\service\user\account\LoginService.java", "Java", 0, 0, 0, 0, 0, 0, 0, 5, 0, 0, 0, 0, 3, 8
"e:\spring\backencloud\backend\src\main\java\com\kob\backend\service\user\account\RegisterService.java", "Java", 0, 0, 0, 0, 0, 0, 0, 5, 0, 0, 0, 0, 3, 8
"e:\spring\backencloud\backend\src\main\java\com\kob\backend\service\user\bot\AddService.java", "Java", 0, 0, 0, 0, 0, 0, 0, 5, 0, 0, 0, 0, 3, 8
"e:\spring\backencloud\backend\src\main\java\com\kob\backend\service\user\bot\GetListService.java", "Java", 0, 0, 0, 0, 0, 0, 0, 7, 0, 0, 0, 0, 4, 11
"e:\spring\backencloud\backend\src\main\java\com\kob\backend\service\user\bot\RemoveService.java", "Java", 0, 0, 0, 0, 0, 0, 0, 5, 0, 0, 0, 0, 3, 8
"e:\spring\backencloud\backend\src\main\java\com\kob\backend\service\user\bot\UpdateService.java", "Java", 0, 0, 0, 0, 0, 0, 0, 5, 0, 0, 0, 0, 3, 8
"e:\spring\backencloud\backend\src\main\java\com\kob\backend\utils\JwtUtil.java", "Java", 0, 0, 0, 0, 0, 0, 0, 53, 0, 0, 0, 0, 9, 62
"e:\spring\backencloud\backend\src\main\resources\application.properties", "Java Properties", 0, 0, 0, 0, 0, 0, 0, 0, 0, 5, 0, 0, 0, 5
"e:\spring\backencloud\backend\src\main\resources\static\index.html", "HTML", 6, 0, 0, 0, 0, 0, 0, 0, 0, 0, 0, 0, 0, 6
"e:\spring\backencloud\backend\src\main\resources\templates\pk\index.html", "HTML", 10, 0, 0, 0, 0, 0, 0, 0, 0, 0, 0, 0, 0, 10
"e:\spring\backencloud\botrunningsystem\pom.xml", "XML", 0, 0, 0, 0, 0, 0, 64, 0, 0, 0, 0, 3, 9, 76
"e:\spring\backencloud\botrunningsystem\src\main\java\com\kob\botrunningsystem\BotRunningSystemApplication.java", "Java", 0, 0, 0, 0, 0, 0, 0, 11, 0, 0, 0, 0, 2, 13
"e:\spring\backencloud\botrunningsystem\src\main\java\com\kob\botrunningsystem\config\RestTemplateConfig.java", "Java", 0, 0, 0, 0, 0, 0, 0, 11, 0, 0, 0, 0, 3, 14
"e:\spring\backencloud\botrunningsystem\src\main\java\com\kob\botrunningsystem\config\SecurityConfig.java", "Java", 0, 0, 0, 0, 0, 0, 0, 21, 0, 0, 0, 0, 3, 24
"e:\spring\backencloud\botrunningsystem\src\main\java\com\kob\botrunningsystem\controller\BotRunningController.java", "Java", 0, 0, 0, 0, 0, 0, 0, 21, 0, 0, 0, 0, 5, 26
"e:\spring\backencloud\botrunningsystem\src\main\java\com\kob\botrunningsystem\service\BotRunningService.java", "Java", 0, 0, 0, 0, 0, 0, 0, 4, 0, 0, 0, 0, 2, 6
"e:\spring\backencloud\botrunningsystem\src\main\java\com\kob\botrunningsystem\service\impl\BotRunningServiceImpl.java", "Java", 0, 0, 0, 0, 0, 0, 0, 14, 0, 0, 0, 0, 3, 17
"e:\spring\backencloud\botrunningsystem\src\main\java\com\kob\botrunningsystem\service\impl\utils\Bot.java", "Java", 0, 0, 0, 0, 0, 0, 0, 12, 0, 0, 0, 0, 3, 15
"e:\spring\backencloud\botrunningsystem\src\main\java\com\kob\botrunningsystem\service\impl\utils\BotPool.java", "Java", 0, 0, 0, 0, 0, 0, 0, 43, 0, 0, 0, 13, 9, 65
"e:\spring\backencloud\botrunningsystem\src\main\java\com\kob\botrunningsystem\service\impl\utils\Consumer.java", "Java", 0, 0, 0, 0, 0, 0, 0, 58, 0, 0, 0, 0, 14, 72
"e:\spring\backencloud\botrunningsystem\src\main\java\com\kob\botrunningsystem\utils\Bot.java", "Java", 0, 0, 0, 0, 0, 0, 0, 73, 0, 0, 0, 0, 13, 86
"e:\spring\backencloud\botrunningsystem\src\main\java\com\kob\botrunningsystem\utils\BotInterface.java", "Java", 0, 0, 0, 0, 0, 0, 0, 4, 0, 0, 0, 0, 2, 6
"e:\spring\backencloud\botrunningsystem\src\main\resources\application.properties", "Java Properties", 0, 0, 0, 0, 0, 0, 0, 0, 0, 1, 0, 0, 0, 1
"e:\spring\backencloud\joptionpane\pom.xml", "XML", 0, 0, 0, 0, 0, 0, 36, 0, 0, 0, 0, 0, 3, 39
"e:\spring\backencloud\joptionpane\src\main\java\FirstApp.java", "Java", 0, 0, 0, 0, 0, 0, 0, 5, 0, 0, 0, 0, 0, 5
"e:\spring\backencloud\joptionpane\src\main\java\JOp.java", "Java", 0, 0, 0, 0, 0, 0, 0, 8, 0, 0, 0, 0, 1, 9
"e:\spring\backencloud\joptionpane\src\main\java\Main.java", "Java", 0, 0, 0, 0, 0, 0, 0, 77, 0, 0, 0, 0, 8, 85
"e:\spring\backencloud\joptionpane\src\main\java\Main6.java", "Java", 0, 0, 0, 0, 0, 0, 0, 105, 0, 0, 0, 0, 20, 125
"e:\spring\backencloud\joptionpane\src\main\java\PTAJAVA2\Main.java", "Java", 0, 0, 0, 0, 0, 0, 0, 41, 0, 0, 0, 0, 5, 46
"e:\spring\backencloud\joptionpane\src\main\java\PTAJAVA2\Main2.java", "Java", 0, 0, 0, 0, 0, 0, 0, 84, 0, 0, 0, 0, 18, 102
"e:\spring\backencloud\joptionpane\src\main\java\PTAJAVA2\Main4.java", "Java", 0, 0, 0, 0, 0, 0, 0, 20, 0, 0, 0, 0, 6, 26
"e:\spring\backencloud\joptionpane\src\main\java\PTAJAVA2\Main5.java", "Java", 0, 0, 0, 0, 0, 0, 0, 165, 0, 0, 0, 0, 27, 192
"e:\spring\backencloud\joptionpane\src\main\java\PTAJAVA3\Main.java", "Java", 0, 0, 0, 0, 0, 0, 0, 54, 0, 0, 0, 0, 9, 63
"e:\spring\backencloud\joptionpane\src\main\java\PTAJAVA3\Main1.java", "Java", 0, 0, 0, 0, 0, 0, 0, 10, 0, 0, 0, 0, 3, 13
"e:\spring\backencloud\joptionpane\src\main\java\PTAJAVA3\Main4.java", "Java", 0, 0, 0, 0, 0, 0, 0, 61, 0, 0, 0, 0, 14, 75
"e:\spring\backencloud\joptionpane\src\main\java\PTAJAVA3\Main6.java", "Java", 0, 0, 0, 0, 0, 0, 0, 26, 0, 0, 0, 0, 5, 31
"e:\spring\backencloud\joptionpane\src\main\java\PTAJAVA3\Main7.java", "Java", 0, 0, 0, 0, 0, 0, 0, 48, 0, 0, 0, 0, 3, 51
"e:\spring\backencloud\joptionpane\src\main\java\PTAJAVA3\Main8.java", "Java", 0, 0, 0, 0, 0, 0, 0, 22, 0, 0, 0, 0, 7, 29
"e:\spring\backencloud\joptionpane\src\main\java\PTAJAVA3\Main9.java", "Java", 0, 0, 0, 0, 0, 0, 0, 143, 0, 0, 0, 0, 22, 165
"e:\spring\backencloud\joptionpane\src\main\java\PTAJAVA4\Main1.java", "Java", 0, 0, 0, 0, 0, 0, 0, 86, 0, 0, 0, 0, 14, 100
"e:\spring\backencloud\joptionpane\src\main\java\PTAJAVA4\Main2.java", "Java", 0, 0, 0, 0, 0, 0, 0, 24, 0, 0, 0, 0, 3, 27
"e:\spring\backencloud\joptionpane\src\main\java\PTAJAVA4\Main3.java", "Java", 0, 0, 0, 0, 0, 0, 0, 33, 0, 0, 0, 0, 3, 36
"e:\spring\backencloud\joptionpane\src\main\java\PTAJAVA4\Main4.java", "Java", 0, 0, 0, 0, 0, 0, 0, 79, 0, 0, 0, 0, 16, 95
"e:\spring\backencloud\joptionpane\src\main\java\PTAJAVA4\Main7.java", "Java", 0, 0, 0, 0, 0, 0, 0, 21, 0, 0, 0, 0, 4, 25
"e:\spring\backencloud\joptionpane\src\main\java\PTAJAVA4\Main8.java", "Java", 0, 0, 0, 0, 0, 0, 0, 52, 0, 0, 0, 0, 4, 56
"e:\spring\backencloud\joptionpane\src\main\java\PTAJAVA5\Main1.java", "Java", 0, 0, 0, 0, 0, 0, 0, 0, 0, 0, 0, 121, 0, 121
"e:\spring\backencloud\joptionpane\src\main\java\PTAJAVA5\Main2.java", "Java", 0, 0, 0, 0, 0, 0, 0, 18, 0, 0, 0, 0, 3, 21
"e:\spring\backencloud\joptionpane\src\main\java\PTAJAVA5\Main3.java", "Java", 0, 0, 0, 0, 0, 0, 0, 20, 0, 0, 0, 0, 3, 23
"e:\spring\backencloud\joptionpane\src\main\java\PTAJAVA5\Main4.java", "Java", 0, 0, 0, 0, 0, 0, 0, 50, 0, 0, 0, 0, 2, 52
"e:\spring\backencloud\joptionpane\src\main\java\PTAJAVA5\Main5.java", "Java", 0, 0, 0, 0, 0, 0, 0, 38, 0, 0, 0, 0, 8, 46
"e:\spring\backencloud\joptionpane\src\main\java\PTAJAVA5\Main6.java", "Java", 0, 0, 0, 0, 0, 0, 0, 48, 0, 0, 0, 0, 12, 60
"e:\spring\backencloud\joptionpane\src\main\java\PTAJAVA5\Main7.java", "Java", 0, 0, 0, 0, 0, 0, 0, 25, 0, 0, 0, 1, 3, 29
"e:\spring\backencloud\joptionpane\src\main\java\PTAJAVA5\Main8.java", "Java", 0, 0, 0, 0, 0, 0, 0, 19, 0, 0, 0, 0, 3, 22
"e:\spring\backencloud\joptionpane\src\main\java\PTAJAVA6\Main.java", "Java", 0, 0, 0, 0, 0, 0, 0, 140, 0, 0, 0, 0, 16, 156
"e:\spring\backencloud\joptionpane\src\main\java\PTAJAVA6\Main2.java", "Java", 0, 0, 0, 0, 0, 0, 0, 76, 0, 0, 0, 0, 12, 88
"e:\spring\backencloud\joptionpane\src\main\java\PTAJAVA6\Main3.java", "Java", 0, 0, 0, 0, 0, 0, 0, 81, 0, 0, 0, 0, 10, 91
"e:\spring\backencloud\joptionpane\src\main\java\PTAJAVA6\Main4.java", "Java", 0, 0, 0, 0, 0, 0, 0, 16, 0, 0, 0, 0, 3, 19
"e:\spring\backencloud\joptionpane\src\main\java\PTAJAVA6\Main6.java", "Java", 0, 0, 0, 0, 0, 0, 0, 49, 0, 0, 0, 0, 6, 55
"e:\spring\backencloud\joptionpane\src\main\java\cin.java", "Java", 0, 0, 0, 0, 0, 0, 0, 10, 0, 0, 0, 0, 1, 11
"e:\spring\backencloud\joptionpane\src\main\java\primes.java", "Java", 0, 0, 0, 0, 0, 0, 0, 18, 0, 0, 0, 0, 1, 19
"e:\spring\backencloud\joptionpane\src\main\java\实验10\AnalysisResult.java", "Java", 0, 0, 0, 0, 0, 0, 0, 28, 0, 0, 0, 0, 3, 31
"e:\spring\backencloud\joptionpane\src\main\java\实验10\Fenxi.java", "Java", 0, 0, 0, 0, 0, 0, 0, 15, 0, 0, 0, 0, 2, 17
"e:\spring\backencloud\joptionpane\src\main\java\实验10\PassWord.java", "Java", 0, 0, 0, 0, 0, 0, 0, 36, 0, 0, 0, 0, 4, 40
"e:\spring\backencloud\joptionpane\src\main\java\实验2\one\Asterisk.java", "Java", 0, 0, 0, 0, 0, 0, 0, 12, 0, 0, 0, 0, 2, 14
"e:\spring\backencloud\joptionpane\src\main\java\实验2\one\Fibonacciseries.java", "Java", 0, 0, 0, 0, 0, 0, 0, 13, 0, 0, 0, 0, 3, 16
"e:\spring\backencloud\joptionpane\src\main\java\实验2\one\Fibonacciseries1.java", "Java", 0, 0, 0, 0, 0, 0, 0, 15, 0, 0, 0, 0, 3, 18
"e:\spring\backencloud\joptionpane\src\main\java\实验2\one\Narcissistic.java", "Java", 0, 0, 0, 0, 0, 0, 0, 17, 0, 0, 0, 0, 2, 19
"e:\spring\backencloud\joptionpane\src\main\java\实验2\three\Tank.java", "Java", 0, 0, 0, 0, 0, 0, 0, 43, 0, 0, 0, 0, 11, 54
"e:\spring\backencloud\joptionpane\src\main\java\实验2\three\TrankTest.java", "Java", 0, 0, 0, 0, 0, 0, 0, 23, 0, 0, 0, 0, 3, 26
"e:\spring\backencloud\joptionpane\src\main\java\实验2\two\Dog.java", "Java", 0, 0, 0, 0, 0, 0, 0, 21, 0, 0, 0, 0, 5, 26
"e:\spring\backencloud\joptionpane\src\main\java\实验2\two\MyDog.java", "Java", 0, 0, 0, 0, 0, 0, 0, 7, 0, 0, 0, 0, 3, 10
"e:\spring\backencloud\joptionpane\src\main\java\实验4\MainClass.java", "Java", 0, 0, 0, 0, 0, 0, 0, 52, 0, 0, 0, 3, 4, 59
"e:\spring\backencloud\joptionpane\src\main\java\实验4\MainClass1.java", "Java", 0, 0, 0, 0, 0, 0, 0, 37, 0, 0, 0, 2, 2, 41
"e:\spring\backencloud\joptionpane\src\main\java\实验4\MainClass2.java", "Java", 0, 0, 0, 0, 0, 0, 0, 41, 0, 0, 0, 0, 10, 51
"e:\spring\backencloud\joptionpane\src\main\java\实验4\WeatherForecast.java", "Java", 0, 0, 0, 0, 0, 0, 0, 56, 0, 0, 0, 1, 6, 63
"e:\spring\backencloud\joptionpane\src\main\java\实验5\ColoredStar.java", "Java", 0, 0, 0, 0, 0, 0, 0, 32, 0, 0, 0, 0, 13, 45
"e:\spring\backencloud\joptionpane\src\main\java\实验5\RandomConcentricCircles.java", "Java", 0, 0, 0, 0, 0, 0, 0, 28, 0, 0, 0, 0, 7, 35
"e:\spring\backencloud\joptionpane\src\main\java\实验5\circul.java", "Java", 0, 0, 0, 0, 0, 0, 0, 6, 0, 0, 0, 0, 2, 8
"e:\spring\backencloud\joptionpane\src\main\java\实验三\Address.java", "Java", 0, 0, 0, 0, 0, 0, 0, 21, 0, 0, 0, 0, 7, 28
"e:\spring\backencloud\joptionpane\src\main\java\实验三\Complex.java", "Java", 0, 0, 0, 0, 0, 0, 0, 49, 0, 0, 0, 0, 10, 59
"e:\spring\backencloud\joptionpane\src\main\java\实验三\Equation.java", "Java", 0, 0, 0, 0, 0, 0, 0, 40, 0, 0, 0, 0, 11, 51
"e:\spring\backencloud\joptionpane\src\main\java\实验三\Main1.java", "Java", 0, 0, 0, 0, 0, 0, 0, 10, 0, 0, 0, 0, 3, 13
"e:\spring\backencloud\joptionpane\src\main\java\实验三\Main2.java", "Java", 0, 0, 0, 0, 0, 0, 0, 8, 0, 0, 0, 0, 2, 10
"e:\spring\backencloud\joptionpane\src\main\java\实验三\Person.java", "Java", 0, 0, 0, 0, 0, 0, 0, 36, 0, 0, 0, 0, 10, 46
"e:\spring\backencloud\joptionpane\src\main\java\实验三\Student.java", "Java", 0, 0, 0, 0, 0, 0, 0, 62, 0, 0, 0, 0, 16, 78
"e:\spring\backencloud\joptionpane\src\main\java\实验三\StudentTest.java", "Java", 0, 0, 0, 0, 0, 0, 0, 22, 0, 0, 0, 0, 3, 25
"e:\spring\backencloud\matchingsystem\pom.xml", "XML", 0, 0, 0, 0, 0, 0, 59, 0, 0, 0, 0, 2, 7, 68
"e:\spring\backencloud\matchingsystem\src\main\java\com\kob\matchingsystem\MatchingSystemApplication.java", "Java", 0, 0, 0, 0, 0, 0, 0, 11, 0, 0, 0, 0, 2, 13
"e:\spring\backencloud\matchingsystem\src\main\java\com\kob\matchingsystem\config\RestTemplateConfig.java", "Java", 0, 0, 0, 0, 0, 0, 0, 12, 0, 0, 0, 0, 3, 15
"e:\spring\backencloud\matchingsystem\src\main\java\com\kob\matchingsystem\config\SecurityConfig.java", "Java", 0, 0, 0, 0, 0, 0, 0, 21, 0, 0, 0, 0, 3, 24
"e:\spring\backencloud\matchingsystem\src\main\java\com\kob\matchingsystem\controller\MatchingController.java", "Java", 0, 0, 0, 0, 0, 0, 0, 27, 0, 0, 0, 0, 6, 33
"e:\spring\backencloud\matchingsystem\src\main\java\com\kob\matchingsystem\service\MatchingService.java", "Java", 0, 0, 0, 0, 0, 0, 0, 5, 0, 0, 0, 0, 2, 7
"e:\spring\backencloud\matchingsystem\src\main\java\com\kob\matchingsystem\service\impl\MatchingServiceImpl.java", "Java", 0, 0, 0, 0, 0, 0, 0, 20, 0, 0, 0, 0, 5, 25
"e:\spring\backencloud\matchingsystem\src\main\java\com\kob\matchingsystem\service\impl\utils\MatchingPool.java", "Java", 0, 0, 0, 0, 0, 0, 0, 108, 0, 0, 0, 4, 14, 126
"e:\spring\backencloud\matchingsystem\src\main\java\com\kob\matchingsystem\service\impl\utils\Player.java", "Java", 0, 0, 0, 0, 0, 0, 0, 14, 0, 0, 0, 0, 4, 18
"e:\spring\backencloud\matchingsystem\src\main\resources\application.properties", "Java Properties", 0, 0, 0, 0, 0, 0, 0, 0, 0, 1, 0, 0, 0, 1
"e:\spring\backencloud\pom.xml", "XML", 0, 0, 0, 0, 0, 0, 60, 0, 0, 0, 0, 1, 6, 67
"e:\spring\backencloud\test\pom.xml", "XML", 0, 0, 0, 0, 0, 0, 18, 0, 0, 0, 0, 0, 3, 21
"e:\spring\backencloud\test\src\main\java\com\kob\botrunningsystem\Main.java", "Java", 0, 0, 0, 0, 0, 0, 0, 6, 0, 0, 0, 0, 1, 7
"e:\spring\readme.md", "Markdown", 0, 0, 15, 0, 0, 0, 0, 0, 0, 0, 0, 0, 9, 24
"e:\spring\web\README.md", "Markdown", 0, 0, 19, 0, 0, 0, 0, 0, 0, 0, 0, 0, 6, 25
"e:\spring\web\babel.config.js", "JavaScript", 0, 5, 0, 0, 0, 0, 0, 0, 0, 0, 0, 0, 1, 6
"e:\spring\web\jsconfig.json", "JSON with Comments", 0, 0, 0, 0, 0, 0, 0, 0, 0, 0, 19, 0, 1, 20
"e:\spring\web\package-lock.json", "JSON", 0, 0, 0, 0, 11870, 0, 0, 0, 0, 0, 0, 0, 1, 11871
"e:\spring\web\package.json", "JSON", 0, 0, 0, 0, 52, 0, 0, 0, 0, 0, 0, 0, 1, 53
"e:\spring\web\public\index.html", "HTML", 16, 0, 0, 0, 0, 0, 0, 0, 0, 0, 0, 1, 1, 18
"e:\spring\web\springboot\css\app.66357021.css", "CSS", 0, 0, 0, 0, 0, 0, 0, 0, 1, 0, 0, 0, 0, 1
"e:\spring\web\springboot\css\chunk-vendors.8a42e1de.css", "CSS", 0, 0, 0, 0, 0, 0, 0, 0, 2, 0, 0, 3, 0, 5
"e:\spring\web\springboot\index.html", "HTML", 1, 0, 0, 0, 0, 0, 0, 0, 0, 0, 0, 0, 0, 1
"e:\spring\web\springboot\js\app.0935f41d.js", "JavaScript", 0, 1, 0, 0, 0, 0, 0, 0, 0, 0, 0, 1, 0, 2
"e:\spring\web\springboot\js\chunk-vendors.9cae9523.js", "JavaScript", 0, 12, 0, 0, 0, 0, 0, 0, 0, 0, 0, 75, 0, 87
"e:\spring\web\src\App.vue", "Vue", 0, 0, 0, 0, 0, 21, 0, 0, 0, 0, 0, 1, 4, 26
"e:\spring\web\src\assets\global.js", "JavaScript", 0, 4, 0, 0, 0, 0, 0, 0, 0, 0, 0, 2, 3, 9
"e:\spring\web\src\assets\scripts\AcGameObject.js", "JavaScript", 0, 39, 0, 0, 0, 0, 0, 0, 0, 0, 0, 0, 11, 50
"e:\spring\web\src\assets\scripts\Cell.js", "JavaScript", 0, 8, 0, 0, 0, 0, 0, 0, 0, 0, 0, 0, 0, 8
"e:\spring\web\src\assets\scripts\GameMap.js", "JavaScript", 0, 133, 0, 0, 0, 0, 0, 0, 0, 0, 0, 3, 23, 159
"e:\spring\web\src\assets\scripts\Snake.js", "JavaScript", 0, 141, 0, 0, 0, 0, 0, 0, 0, 0, 0, 8, 32, 181
"e:\spring\web\src\assets\scripts\Wall.js", "JavaScript", 0, 19, 0, 0, 0, 0, 0, 0, 0, 0, 0, 0, 6, 25
"e:\spring\web\src\components\ContentField.vue", "Vue", 0, 0, 0, 0, 0, 14, 0, 0, 0, 0, 0, 0, 2, 16
"e:\spring\web\src\components\GameMap.vue", "Vue", 0, 0, 0, 0, 0, 40, 0, 0, 0, 0, 0, 0, 4, 44
"e:\spring\web\src\components\MatchGround.vue", "Vue", 0, 0, 0, 0, 0, 128, 0, 0, 0, 0, 0, 3, 11, 142
"e:\spring\web\src\components\NavBar.vue", "Vue", 0, 0, 0, 0, 0, 121, 0, 0, 0, 0, 0, 8, 4, 133
"e:\spring\web\src\components\PlayGround.vue", "Vue", 0, 0, 0, 0, 0, 18, 0, 0, 0, 0, 0, 1, 2, 21
"e:\spring\web\src\components\ResultBoard.vue", "Vue", 0, 0, 0, 0, 0, 67, 0, 0, 0, 0, 0, 1, 4, 72
"e:\spring\web\src\components\personal_center\UserProfileInfo.vue", "Vue", 0, 0, 0, 0, 0, 155, 0, 0, 0, 0, 0, 28, 16, 199
"e:\spring\web\src\components\personal_center\UserProfilePosts.vue", "Vue", 0, 0, 0, 0, 0, 67, 0, 0, 0, 0, 0, 0, 5, 72
"e:\spring\web\src\components\personal_center\UserProfileWrite.vue", "Vue", 0, 0, 0, 0, 0, 52, 0, 0, 0, 0, 0, 0, 6, 58
"e:\spring\web\src\main.js", "JavaScript", 0, 5, 0, 0, 0, 0, 0, 0, 0, 0, 0, 0, 2, 7
"e:\spring\web\src\router\index.js", "JavaScript", 0, 127, 0, 0, 0, 0, 0, 0, 0, 0, 0, 9, 13, 149
"e:\spring\web\src\store\index.js", "JavaScript", 0, 19, 0, 0, 0, 0, 0, 0, 0, 0, 0, 0, 2, 21
"e:\spring\web\src\store\pk.js", "JavaScript", 0, 54, 0, 0, 0, 0, 0, 0, 0, 0, 0, 0, 5, 59
"e:\spring\web\src\store\record.js", "JavaScript", 0, 26, 0, 0, 0, 0, 0, 0, 0, 0, 0, 0, 0, 26
"e:\spring\web\src\store\user.js", "JavaScript", 0, 86, 0, 0, 0, 0, 0, 0, 0, 0, 0, 4, 4, 94
"e:\spring\web\src\views\error\NotFound.vue", "Vue", 0, 0, 0, 0, 0, 13, 0, 0, 0, 0, 0, 0, 2, 15
"e:\spring\web\src\views\pk\PkIndexView.vue", "Vue", 0, 0, 0, 0, 0, 98, 0, 0, 0, 0, 0, 6, 9, 113
"e:\spring\web\src\views\ranklist\RanklistIndexView.vue", "Vue", 0, 0, 0, 0, 0, 118, 0, 0, 0, 0, 0, 166, 10, 294
"e:\spring\web\src\views\record\RecordContentView.vue", "Vue", 0, 0, 0, 0, 0, 14, 0, 0, 0, 0, 0, 0, 3, 17
"e:\spring\web\src\views\record\RecordIndexView.vue", "Vue", 0, 0, 0, 0, 0, 218, 0, 0, 0, 0, 0, 2, 15, 235
"e:\spring\web\src\views\showImage.vue.vue", "Vue", 0, 0, 0, 0, 0, 5, 0, 0, 0, 0, 0, 0, 1, 6
"e:\spring\web\src\views\test.vue", "Vue", 0, 0, 0, 0, 0, 33, 0, 0, 0, 0, 0, 18, 7, 58
"e:\spring\web\src\views\test\star\index.js", "JavaScript", 0, 5, 0, 0, 0, 0, 0, 0, 0, 0, 0, 0, 2, 7
"e:\spring\web\src\views\test\star\star.vue", "Vue", 0, 0, 0, 0, 0, 10, 0, 0, 0, 0, 0, 0, 1, 11
"e:\spring\web\src\views\user\account\UserAccountLoginView.vue", "Vue", 0, 0, 0, 0, 0, 98, 0, 0, 0, 0, 0, 0, 6, 104
"e:\spring\web\src\views\user\account\UserAccountRegisterView.vue", "Vue", 0, 0, 0, 0, 0, 97, 0, 0, 0, 0, 0, 2, 3, 102
"e:\spring\web\src\views\user\bot\UserBotIndexView.vue", "Vue", 0, 0, 0, 0, 0, 362, 0, 0, 0, 0, 0, 3, 14, 379
"e:\spring\web\src\views\user\profile\UserProfileView.vue", "Vue", 0, 0, 0, 0, 0, 35, 0, 0, 0, 0, 0, 2, 4, 41
"e:\spring\web\vue.config.js", "JavaScript", 0, 4, 0, 0, 0, 0, 0, 0, 0, 0, 0, 0, 1, 5
"Total", "-", 33, 688, 454, 221, 11923, 1784, 354, 5035, 3, 7, 19, 542, 1320, 22383